Name,Address,Phone,Website
"Devweb Technology - Web Development Company | SEO, PPC, SMM Service | SEO, Digital Marketing Course","4.9(256)","070168 92290","https://www.devwebtechnology.com/"
"Qrolic Technologies","4.7(41)","095378 43839","https://qrolic.com/"
"ARK WEB DEVELOPERS","4.9(35)","078744 40866","N/A"
"Foxagle Web Solution","4.9(82)","097120 20865","https://www.foxagle.com/"
"Param Web Designs","4.8(89)","098240 30645","http://www.paramwebdesigns.com/"
"PARAM COMPUTER","5.0(37)","090995 64254","http://www.paramcomputer.in/"
"Anmol Infotech","4.6(10)","097379 72378","N/A"
"Hakimi Web Solutions","5.0(61)","095580 91052","https://hakimisolutions.com/?utm_source=GMB&utm_medium=google&utm_campaign=gsearch"
"iTechno Digital","5.0(17)","095101 69155","https://itechnodigital.com/"
"Rudleo Web Development","4.7(9)","099791 05467","https://rudleo.com/"
"Webzguru","4.9(18)","098981 99006","https://www.webzguru.net/"
"Vision Software Solution - Best website solution in Gujarat","4.4(18)","N/A","https://www.google.co.in/maps/place/Vision+Software+Solution+-+Best+website+solution+in+Gujarat/data=!4m7!3m6!1s0x3959ca140a2a5ecb:0x59dfb9aa83e7cf05!8m2!3d22.4158825!4d71.3269721!16s%2Fg%2F12m9dhr12!19sChIJy14qChTKWTkRBc_ng6q531k?authuser=0&hl=en&rclk=1"
"WebsManiac Inc","4.9(96)","084606 94844","https://websmaniac.com/"
"JB Software - website development company","5.0(106)","080000 76276","https://www.google.co.in/maps/place/JB+Software+-+website+development+company/data=!4m7!3m6!1s0x3959ca6d0b172dd9:0x7a2291a5035f4c6c!8m2!3d22.2457183!4d70.7861885!16s%2Fg%2F11bc73mtzl!19sChIJ2S0XC23KWTkRbExfA6WRIno?authuser=0&hl=en&rclk=1"
"NetWorld","4.7(68)","098253 07190","http://www.visitnetworld.com/"
"Unique Web - Web Development, Website & ERP Development","5.0(3)","075675 61166","https://www.uniqueweb.in/"
"WeTheDevelopers","4.2(24)","0281 246 3335","https://wethedevelopers.com/"
"Eyelash Technologies","5.0(44)","078781 08282","http://eyelashtechnologies.com/"
"Beyondmart","4.8(6)","098792 50060","https://www.beyondmart.com/"
"Aphonic Solutions - Website Design and Development Company","5.0(32)","078742 00097","https://www.aphonicsolutions.com/"
"Mythics Design LLP","4.4(12)","090339 29961","N/A"
"way2deal India","4.7(15)","097234 93058","https://way2dealindia.com/"
"Codizious Technologies : IT Training, Website & Mobile App Development IT Company","4.5(119)","081605 19719","http://www.codizious.com/"
"Usgrow infotech agency","4.8(6)","N/A","http://usgrowwinfotech.000webhostapp.com/"
"Starline Infotech","4.8(19)","084604 09078","http://www.starlineinfotech.net/"
"Emerging Coders","4.9(16)","094282 89168","https://emergingcoders.com/"
"Doonock","5.0(10)","098984 52352","http://www.doonock.com/"
"Ciesto Solutions","4.1(61)","092771 19911","http://www.ciestosolutions.com/"
"Wpconfigs","5.0(8)","096248 14791","https://www.wpconfigs.com/"
"Awaiken Technology | Web development Company India | Website Developer in Morbi and Rajkot","5.0(24)","096622 72946","http://www.awaiken.com/"
"iCreate Technolab","4.8(21)","099095 57473","https://icreatetechnolab.com/"
"2design","5.0(12)","094298 00751","https://2design.in/"
"HENCE SOFT","4.8(6)","097244 30725","http://www.hencesoft.com/"
"Rashi Technology","4.3(28)","099240 14545","https://rashitechnology.in/"
"Ashish Ajani - Freelance Web Developer in India","5.0(45)","090334 02074","https://freelancer-coder.com/"
"Naitrich Website Designer","4.1(101)","N/A","https://www.naitrich.com/"
"Repute Infosystems","4.5(31)","0281 299 0206","https://www.reputeinfosystems.com/"
"Ambiw","4.1(31)","087340 93949","http://www.ambiw.com/"
"Amzad Web developer","5.0(3)","083474 65383","N/A"
"Aim Infocorp Pvt. Ltd - Website Design, Website Development, Digital Marketing & SEO","5.0(5)","090330 19888","https://aiminfocorp.com/"
"Altius Infoway","4.0(22)","N/A","https://altiusinfoway.com/"
"Error Infotech","4.5(2)","063515 45193","https://jeelkarkar.netlify.app/"
"Webcare Infoway","4.9(122)","095583 53485","http://www.webcareinfoway.com/"
"I-Square Infomedia","4.8(13)","081289 81282","http://isquareinfomedia.com/"
"Global Era Infotech","5.0(7)","098250 72366","https://globalerainfotech.com/"
"Digital Rank Web","4.8(57)","097234 98058","https://digitalrankweb.com/"
"Thiya Digital - Web Design Development & Branding Company","5.0(6)","087807 59312","https://thiyadigital.com/"
"TRUE Design","4.3(7)","095109 57363","http://www.truedesign.in/"
"Snt solutions","4.9(16)","099799 99700","N/A"
"Nueva infotek | Web, App, and Software Development Experts","5.0(8)","096874 63711","https://www.nuevainfotech.in/"
"The SEO Park","5.0(9)","099988 57575","http://www.theseopark.com/"
"LetsKreate | Website Design, SEO, & Digital Marketing Experts in Rajkot.","4.9(8)","N/A","https://letskreate.in/"
"I Genesys Technologies","4.7(14)","094290 47513","https://www.i-genesys.com/"
"Balaji Technologies - Web Development, Web Design, CRM Management","5.0(3)","087802 90170","http://balajitechs.com/"
"Djitsolutions","5.0(2)","093741 23400","http://www.djitsolutions.com/"
"SteadyWisdom Tech Consulting - IT Company - Website Development - Mobile Application","5.0(10)","N/A","https://steadywisdomtech.com/"
"Ramiz Web Development | Top Web Design & Website Development Service","5.0(6)","076003 70060","https://ramizwebdev.com/"
"Brevity Software Solutions","4.3(51)","090993 20535","https://www.brevitysoftware.com/"
"Aarkay Infotech - Digital Web Agency","5.0(2)","099799 97505","https://aarkayinfotech.com/"
"MICRA DIGITAL","4.8(16)","079903 50415","http://micra.digital/"
"Infydots Technologies","4.4(9)","N/A","https://www.infydots.com/"
"M.A. Company","4.3(3)","N/A","https://reallyankit.my.canva.site/ma"
"Accurate infoway","5.0(11)","099048 80815","http://accurateinfoway.in/"
"Hashcrypt Technologies Pvt. Ltd.","4.8(98)","090332 72899","https://www.hashcrypt.com/"
"Impex Solutions","4.3(27)","098250 68361","https://impexsolutions.net/"
"OSCorp Web Service","5.0(1)","0281 305 1503","http://www.oscorpwebservice.com/"
"Seawind Systems","5.0(20)","098248 11770","https://www.seawindsystems.com/"
"Makerz Software","5.0(3)","097376 36465","https://www.makerzsoftware.com/"
"Satva Info Tech","5.0(4)","N/A","https://www.satvainfotech.com/"
"Trezine Studios LLP","4.9(23)","098793 55278","http://www.trezinestudios.com/"
"Jannat Tech","3.7(3)","090339 23507","http://www.jannattech.com/"
"Cygner Technolabs Pvt. Ltd. - Software Development Company","4.8(17)","N/A","https://www.cygner.net/"
"RV SOLUTIONS","5.0(61)","097732 56235","https://rvallsolutions.com/"
"Pixibit Design Studio","5.0(17)","094271 78991","https://www.pixibitdesign.com/"
"Codderzone","5.0(53)","090339 05686","https://codderzone.com/"
"iSquare InfoTech","4.0(26)","098797 67397","https://www.isquareinfotech.com/"
"Ingenious webtech","4.0(1)","099249 10551","https://www.ingeniouswebtech.com/"
"VG infotec","5.0(37)","094263 62297","https://vginfotec.com/"
"Dajiraj Infotech | Mobile App and Website Development - IT Company","5.0(56)","085535 35388","https://dajiraj.com/"
"TechnoComet Solutions - IT Company","5.0(23)","091064 21881","https://technocometsolutions.com/"
"Murtaza Bharmal","4.8(23)","N/A","N/A"
"Blue Planet Design Studio","4.9(14)","098254 86168","http://blueplanet-design.com/"
"W3 Brains - Website Development, Digital Marketing and Graphics Designing Company Rajkot Gujarat India","No reviews","063525 24052","https://w3brains.com/"
"Bapa Infodesign - Graphic Designer in Rajkot | Brochure Designer in Rajkot","4.9(110)","076868 94444","https://bapainfo.com/"
"KFK T3CH - Logo Designing, Website Development, and Android Develpment Company","No reviews","075676 86930","N/A"
"Jasvi Infotech","5.0(12)","N/A","http://jasviinfotech.in/"
"Uptech Mind","4.5(4)","080000 49953","http://uptechmind.com/"
"Bytesbizz Technology LLP | Web Development Company & Internship","4.7(53)","072650 03824","https://bytesbizztechnology.netlify.app/"
"Raj Freelancer | Web Design & SEO Services","No reviews","N/A","https://rajfreelancer.in/"
"CRYPTIC BRAIN","5.0(1)","098248 60469","http://thecrypticbrain.com/"
"Artbiz Branding Agency/best logo designer in rajkot/social media marketing agency/best advertising agency in rajkot","4.6(39)","070967 00707","https://artbiz.in/"
"eExpertz Technolabs","5.0(3)","090332 21656","N/A"
"CodeKernel Solutions | Website Development | Website Designer | Web Apps | Mobile Apps","4.9(16)","097249 85253","https://codekernel.in/"
"RexterTech - IT Company","4.8(33)","070412 55969","https://www.rextertech.com/"
"RK Infotech - IT Company","4.1(119)","094271 78991","https://www.rkinfotechindia.com/"
"Websmith Solutions","4.3(20)","099980 69856","https://www.websmithsolution.com/"
"Sahamil Agency","4.9(23)","092653 33827","http://sahamil.com/"
"Belief Technolab","5.0(30)","095746 51815","https://belieftechnolab.com/"
"Ocean Infotech","4.9(16)","080008 53781","http://www.oceaninfotech.co.in/"
"Nexus digital","5.0(9)","N/A","http://www.nexus-digital.in/"
"Trinity Unicepts Pvt. Ltd.","4.7(35)","0281 245 4340","http://www.unicepts.in/"
"4ColorDesign.com","3.7(3)","098259 35564","https://www.4colordesign.com/"
"Git IT-Solution","4.8(4)","N/A","http://www.gititsolution.com/"
"Tretanz infotech","4.9(24)","094274 35087","https://tretanz.com/"
"Red and White Skill Education - Kalawad Road","4.9(330)","094848 42421","https://www.rnwmultimedia.edu.in/rajkot/"
"Art Guru Infotech","No reviews","097238 37296","https://www.artguruinfotech.com/"
"webx developers","No reviews","N/A","https://thewebxdevelopers.com/"
"Golden Circle Infolabs","5.0(23)","084017 80148","http://www.golden-circle.in/"
"Scenic IT Solutions","5.0(1)","094279 40785","https://scenicitsolutions.com/"
"SBWebs","4.6(8)","093741 00373","N/A"
"Web Development","No reviews","098244 25342","https://web-development-7.ueniweb.com/"
